,pulse,respiratory_rate,packed_cell_volume,surgical_lesion,abdomo_appearance,cp_data,temp_of_extremities,peristalsis,abdominal_distention,age,abdomen,rectal_exam_feces,surgery,nasogastric_tube
0,132.0,24.0,57.0,1,2,0,1,0,3,0,1,1,1,2
1,88.0,12.0,33.0,1,2,0,1,0,0,0,1,0,1,0
2,120.0,28.0,37.0,1,2,0,1,3,0,0,0,-1,1,2
3,72.0,30.0,53.0,1,1,1,0,3,0,0,1,1,1,2
4,52.0,48.0,47.0,0,1,1,2,3,1,0,3,3,0,2
5,56.0,32.0,49.0,0,1,1,2,3,1,0,2,1,0,0
6,36.0,16.0,43.0,0,1,1,1,4,3,0,-1,1,1,0
7,114.0,24.0,57.0,1,2,1,1,3,0,0,1,0,0,2
8,48.0,12.0,40.0,0,1,1,1,2,3,0,2,3,0,2
9,129.0,48.0,57.0,1,1,1,1,0,0,0,-1,-1,1,2
10,84.0,48.0,46.0,1,1,1,1,0,0,0,1,0,1,2
11,84.0,30.0,65.0,1,0,0,1,0,0,0,0,0,1,0
12,164.0,36.0,44.0,0,2,1,3,3,0,0,1,1,1,2
13,66.0,12.0,60.0,1,2,1,1,3,0,0,0,0,1,2
14,124.0,88.0,39.0,1,2,1,1,3,1,0,-1,-1,1,2
15,44.0,24.0,33.0,0,1,1,3,2,1,0,-1,3,0,2
16,60.0,16.0,37.0,1,-1,0,1,4,1,0,-1,3,1,0
17,72.0,24.0,52.0,0,2,1,0,3,0,0,0,0,1,0
18,96.0,48.0,72.0,1,-1,0,1,-1,1,0,-1,-1,1,2
19,70.0,36.0,35.0,1,2,1,1,3,1,0,3,3,1,2
20,48.0,16.0,53.0,1,0,0,1,3,1,0,0,0,1,2
21,96.0,24.0,66.0,1,2,0,1,0,0,0,1,-1,1,2
22,66.0,12.0,44.0,1,2,1,2,3,3,0,1,0,1,0
23,88.0,20.0,34.0,1,1,0,3,2,3,1,3,2,1,1
24,129.0,48.0,57.0,0,2,0,1,0,0,0,0,-1,1,0
25,96.0,48.0,45.0,1,1,1,1,0,0,0,-1,0,1,2
26,84.0,48.0,59.0,0,2,1,1,0,0,0,3,1,1,2
27,92.0,28.0,46.0,1,2,0,1,3,0,0,-1,-1,1,1
28,124.0,32.0,48.0,0,2,1,0,0,0,0,3,1,1,2
29,114.0,36.0,47.0,1,2,0,1,3,0,1,1,0,0,1
30,48.0,28.0,49.0,0,0,1,1,3,3,0,2,3,0,2
31,60.0,40.0,45.0,1,2,1,1,3,0,0,3,0,0,2
32,129.0,96.0,73.0,1,2,1,1,0,3,0,1,0,1,-1
33,64.0,24.0,47.0,1,1,1,2,3,0,0,0,0,1,1
34,96.0,24.0,31.5,1,2,1,0,3,0,0,1,-1,1,2
35,80.0,16.0,54.0,1,0,0,1,0,0,0,0,0,1,2
36,68.0,12.0,49.0,1,1,0,2,0,0,0,0,0,1,2
37,92.0,20.0,48.0,1,2,1,1,0,0,0,1,0,1,2
38,68.0,24.0,45.0,1,1,1,2,3,0,0,0,3,1,2
39,140.0,68.0,39.0,1,-1,0,1,3,1,0,0,0,1,2
40,84.0,30.0,30.0,1,2,1,1,3,1,0,1,0,1,2
41,52.0,24.0,48.0,1,0,0,2,0,1,0,-1,3,1,2
42,84.0,30.0,55.0,1,2,0,0,0,0,0,1,0,1,0
43,130.0,16.0,52.0,0,2,0,1,0,2,0,0,-1,1,2
44,120.0,18.0,64.0,1,1,0,2,3,0,0,4,1,1,2
45,56.0,14.0,57.0,0,1,1,2,3,1,0,3,3,0,0
46,72.0,30.0,60.0,1,2,0,0,0,2,0,0,-1,1,0
47,66.0,12.0,44.0,1,1,1,1,3,1,0,0,2,1,2
48,80.0,35.0,50.0,1,1,0,2,3,0,0,1,0,1,1
49,48.0,16.0,35.0,1,2,0,1,3,3,0,2,1,1,2
50,60.0,12.0,45.0,1,2,0,1,3,0,0,3,2,1,2
51,108.0,96.0,52.0,0,1,0,0,0,2,0,1,-1,0,2
52,88.0,40.0,44.0,1,2,1,1,0,3,0,0,0,1,0
53,36.0,16.0,37.0,0,1,0,1,0,2,0,-1,1,1,1
54,96.0,18.0,69.0,1,2,0,1,0,3,0,1,-1,1,2
55,56.0,40.0,47.0,0,0,1,1,3,0,0,-1,-1,0,2
56,52.0,20.0,48.0,0,0,1,2,3,3,0,2,3,1,0
57,52.0,96.0,43.0,1,1,1,1,3,0,0,0,2,1,2
58,88.0,24.0,66.0,1,2,0,1,0,0,0,0,0,1,0
59,96.0,30.0,66.0,1,2,0,1,0,2,0,0,0,0,1
60,80.0,36.0,50.0,1,2,0,1,3,3,0,-1,0,1,2
61,52.0,24.0,54.0,1,1,0,2,3,1,0,-1,3,1,2
62,80.0,51.0,54.0,1,2,0,1,0,1,0,3,0,1,2
63,84.0,24.0,36.0,1,0,0,3,0,0,0,0,3,1,2
64,66.0,13.0,40.0,1,-1,0,-1,-1,-1,1,-1,1,1,2
65,48.0,24.0,42.0,0,0,0,2,3,3,0,-1,3,0,0
66,164.0,24.0,72.0,1,-1,0,0,0,3,1,-1,0,1,0
67,48.0,28.0,49.0,0,1,1,2,3,1,0,4,1,0,2
68,52.0,16.0,46.0,1,0,0,2,0,1,0,1,-1,1,2
69,120.0,16.0,57.0,1,2,0,1,3,0,0,0,-1,1,0
70,108.0,48.0,52.0,1,2,0,0,0,0,0,0,1,0,0
71,52.0,24.0,57.0,1,2,1,1,0,2,0,1,1,1,2
72,88.0,20.0,65.0,0,-1,0,0,0,0,0,0,0,1,2
73,30.0,12.0,46.0,1,2,1,2,3,0,0,0,0,1,2
74,100.0,24.0,60.0,1,2,1,1,0,2,0,-1,-1,1,2
75,66.0,16.0,36.0,1,2,1,1,3,0,0,0,0,1,2
76,88.0,24.0,69.0,0,1,1,2,3,1,0,-1,3,0,-1
77,64.0,28.0,54.0,1,1,1,3,3,3,1,-1,3,1,2
78,104.0,40.0,53.0,1,1,0,0,3,0,0,1,0,1,2
79,52.0,12.0,54.0,1,2,0,1,3,3,0,1,3,1,2
80,76.0,28.0,40.0,1,1,1,2,3,3,0,1,3,1,2
81,146.0,36.0,57.0,1,2,1,1,0,0,0,1,0,0,0
82,120.0,48.0,37.0,1,1,1,1,-1,3,1,-1,-1,1,2
83,52.0,21.0,43.0,0,0,0,-1,-1,-1,0,-1,3,0,0
84,108.0,12.0,52.0,1,2,1,1,0,3,0,2,1,1,2
85,124.0,24.0,47.0,1,0,1,1,0,3,1,-1,1,1,2
86,100.0,51.0,57.0,1,2,0,1,0,0,0,1,0,1,1
87,48.0,40.0,49.0,1,2,0,1,3,0,0,1,-1,1,0
88,52.0,20.0,48.0,0,2,1,1,3,3,0,1,0,0,2
89,104.0,40.0,54.0,0,2,1,1,0,0,0,0,0,0,2
90,88.0,24.0,54.0,1,1,0,0,0,0,0,1,1,1,2
91,54.0,36.0,39.0,0,1,1,2,2,1,0,1,3,0,2
92,64.0,30.0,47.0,0,-1,0,2,3,0,0,0,1,0,2
93,50.0,24.0,46.0,0,0,0,3,4,3,0,-1,3,0,1
94,114.0,36.0,48.0,1,2,0,1,3,0,0,1,1,1,2
95,56.0,24.0,33.0,1,1,1,1,3,0,0,0,0,0,-1
96,96.0,28.0,65.0,1,2,1,0,0,0,0,1,0,1,-1
97,76.0,20.0,53.0,1,2,0,1,3,0,0,0,0,1,1
98,104.0,51.0,47.0,1,2,0,0,0,2,0,1,0,1,2
99,54.0,18.0,39.0,1,0,0,2,3,1,0,4,1,1,0
100,104.0,30.0,65.0,1,2,0,1,3,0,0,0,0,1,0
101,52.0,20.0,53.0,0,0,1,-1,3,-1,0,1,-1,0,-1
102,114.0,36.0,68.0,1,2,0,1,3,0,0,1,0,1,2
103,72.0,30.0,44.0,1,1,1,1,3,0,0,0,1,0,1
104,42.0,20.0,43.0,1,2,1,3,0,0,0,-1,-1,1,0
105,54.0,24.0,41.0,0,0,1,2,3,1,0,0,1,0,2
106,84.0,40.0,75.0,1,0,0,1,0,2,0,0,0,1,1
107,52.0,14.0,37.0,1,2,1,1,3,0,0,0,0,1,0
108,96.0,24.0,69.0,1,2,1,1,3,3,0,1,1,1,2
109,48.0,40.0,54.0,1,2,0,1,0,0,0,1,0,0,2
110,84.0,40.0,75.0,1,2,1,0,0,0,0,0,1,1,0
111,88.0,24.0,36.0,1,2,0,1,3,0,0,1,1,1,0
112,48.0,32.0,41.0,1,0,0,1,3,3,0,1,0,1,2
113,40.0,16.0,52.0,1,2,0,1,0,2,0,0,0,1,2
114,130.0,48.0,52.0,1,2,0,1,0,0,0,0,0,0,1
115,48.0,28.0,47.0,0,1,1,1,3,3,0,2,3,0,1
116,80.0,16.0,60.0,1,2,1,1,3,0,0,0,0,1,1
117,48.0,12.0,48.0,1,2,1,2,3,0,0,1,1,1,2
118,48.0,16.0,42.0,1,0,0,2,3,3,0,2,1,1,2
119,164.0,84.0,64.0,1,0,1,2,-1,2,0,-1,1,1,0
120,150.0,51.0,47.0,0,1,1,2,3,0,1,3,0,1,2
121,42.0,16.0,45.0,0,1,1,-1,2,3,0,3,3,0,2
122,92.0,36.0,38.0,0,1,0,1,3,0,0,0,1,1,2
123,114.0,48.0,57.0,0,1,1,1,3,0,0,1,0,1,2
124,104.0,35.0,73.0,1,2,1,0,0,0,0,1,0,1,2
125,164.0,84.0,40.0,1,2,1,0,3,1,1,-1,1,1,2
126,60.0,18.0,49.0,0,0,0,1,3,3,0,2,3,0,2
127,104.0,40.0,64.0,1,1,1,2,3,1,0,-1,3,1,2
128,52.0,12.0,43.0,0,2,0,1,3,3,0,1,0,1,2
129,84.0,36.0,45.0,1,1,1,1,3,3,0,0,3,1,0
130,84.0,36.0,46.0,1,2,0,2,3,0,0,0,0,1,0
131,132.0,28.0,57.0,1,-1,0,-1,0,3,0,1,0,1,2
132,96.0,48.0,53.0,1,2,0,1,3,0,0,1,0,1,1
133,164.0,84.0,48.0,1,-1,0,2,0,0,0,-1,1,1,0
134,66.0,16.0,48.0,1,2,1,1,3,0,0,0,0,1,0
135,68.0,12.0,50.0,1,1,1,2,3,0,0,-1,0,1,0
136,88.0,28.0,60.0,1,2,0,1,0,2,0,0,3,1,2
137,96.0,16.0,60.0,1,1,0,1,3,0,0,0,0,1,1
138,54.0,12.0,39.0,1,0,0,1,3,3,0,-1,-1,1,1
139,52.0,24.0,48.0,1,0,0,2,0,0,0,0,1,1,2
140,100.0,20.0,65.0,1,2,1,0,0,0,0,1,0,1,2
141,45.0,12.0,39.0,1,1,1,1,4,3,0,1,3,1,2
142,96.0,18.0,49.0,1,2,1,2,0,3,0,1,-1,1,2
143,136.0,48.0,48.0,1,2,1,2,3,0,0,0,1,1,2
144,76.0,24.0,73.0,1,0,1,1,3,0,0,3,0,0,2
145,86.0,28.0,48.0,0,1,1,2,4,1,0,-1,3,0,2
146,44.0,20.0,52.0,0,2,1,2,2,1,0,0,3,0,2
147,60.0,32.0,53.0,1,2,0,0,0,0,0,0,0,1,1
148,84.0,36.0,44.0,1,1,0,1,0,0,0,1,1,1,2
149,114.0,36.0,57.0,1,2,1,1,3,3,0,1,3,0,2
150,42.0,24.0,39.0,1,1,1,2,4,3,1,1,0,1,1
151,44.0,30.0,47.0,1,2,1,1,3,0,0,-1,3,1,2
152,100.0,51.0,66.0,1,2,0,1,3,1,0,1,-1,1,0
153,86.0,24.0,68.0,1,2,0,2,0,1,0,0,-1,1,2
154,72.0,36.0,44.0,1,2,0,2,3,0,0,1,1,1,2
155,60.0,40.0,46.0,0,2,1,1,3,0,0,-1,-1,0,2
156,44.0,40.0,42.0,1,1,1,1,0,3,0,1,0,1,2
157,40.0,36.0,39.0,1,1,1,1,4,1,0,3,3,1,2
158,112.0,16.0,51.0,0,1,1,-1,0,-1,0,1,0,1,0
159,44.0,20.0,41.0,1,2,1,1,3,0,0,1,0,1,2
160,36.0,16.0,37.0,0,1,0,1,4,-1,0,-1,-1,1,1
161,129.0,48.0,57.0,1,2,0,1,0,0,0,-1,-1,1,0
162,40.0,48.0,41.0,1,2,1,1,3,0,0,1,0,1,2
163,42.0,12.0,54.0,1,2,1,1,3,0,0,1,0,1,2
164,84.0,28.0,44.0,1,2,0,1,3,0,0,1,0,0,2
165,112.0,84.0,48.0,0,2,0,1,3,0,0,1,3,0,1
166,54.0,20.0,49.0,0,0,1,1,3,1,0,3,3,0,2
167,72.0,18.0,52.0,1,2,1,0,3,0,0,1,0,1,0
168,56.0,68.0,54.0,1,0,0,2,3,3,0,1,3,1,0
169,92.0,35.0,55.0,1,2,0,1,3,0,0,1,0,1,2
170,66.0,12.0,44.0,1,1,1,1,3,1,0,0,3,1,2
171,96.0,48.0,55.0,1,0,0,0,0,0,0,1,0,1,2
172,60.0,28.0,44.0,1,1,0,1,0,0,0,1,-1,1,2
173,92.0,40.0,47.0,0,0,1,0,0,3,0,3,0,0,1
174,40.0,24.0,36.0,1,0,1,2,3,3,0,1,1,1,2
175,60.0,12.0,52.0,1,1,1,1,0,3,0,2,1,0,2
176,44.0,21.0,44.0,1,1,1,1,3,0,0,0,3,1,2
177,66.0,18.0,50.0,1,-1,0,1,3,1,0,0,-1,0,1
178,66.0,24.0,48.0,1,1,0,2,3,3,0,-1,-1,1,0
179,84.0,51.0,43.0,1,0,0,1,3,0,0,1,-1,1,2
180,60.0,12.0,52.0,1,2,0,2,0,2,0,0,-1,1,2
181,72.0,40.0,73.0,1,2,1,1,3,0,0,1,1,1,2
182,112.0,20.0,54.0,1,1,1,1,0,2,0,0,0,1,1
183,84.0,24.0,44.0,1,0,1,2,3,0,1,3,3,0,2
184,52.0,20.0,33.0,0,1,1,3,4,3,0,-1,3,0,1
185,54.0,50.0,37.5,1,1,1,1,3,3,0,1,1,1,2
186,66.0,48.0,54.0,1,1,0,3,3,0,0,1,0,1,2
187,54.0,40.0,45.0,1,2,0,1,3,3,0,1,0,1,2
188,60.0,28.0,42.0,0,1,1,1,3,3,0,2,1,0,2
189,54.0,12.0,45.0,1,0,0,1,3,3,0,-1,1,1,2
190,88.0,24.0,57.0,0,1,1,0,0,0,0,0,0,1,2
191,66.0,12.0,44.0,1,1,1,1,3,1,0,0,2,1,2
192,42.0,14.0,33.0,1,1,1,1,4,3,0,1,0,0,2
193,68.0,9.0,38.0,1,2,0,1,3,3,0,1,0,1,2
194,52.0,16.0,36.0,0,0,1,2,2,0,0,-1,-1,0,1
195,104.0,24.0,53.0,1,2,1,1,3,2,0,0,0,1,1
196,48.0,16.0,72.0,1,2,0,1,0,2,0,0,0,1,1
197,84.0,24.0,45.0,1,2,1,1,3,0,0,0,0,1,2
198,114.0,36.0,73.0,0,2,1,1,3,3,0,1,0,0,2
199,96.0,30.0,68.0,1,2,1,0,0,2,0,-1,1,1,0
200,96.0,48.0,52.0,1,2,0,1,0,3,0,1,0,1,2
201,88.0,48.0,57.0,1,1,1,1,-1,2,0,-1,3,1,0
202,60.0,80.0,40.0,1,0,1,1,3,1,0,-1,3,1,2
203,52.0,20.0,47.0,1,1,1,1,3,-1,1,-1,-1,0,0
204,60.0,20.0,52.0,1,2,1,1,3,0,0,1,0,1,2
205,40.0,32.0,41.0,1,2,1,1,3,3,0,1,0,1,2
206,66.0,12.0,44.0,1,1,0,1,3,1,0,0,1,1,2
207,88.0,51.0,66.0,1,2,1,1,0,2,0,0,0,1,0
208,80.0,44.0,54.0,1,2,0,1,3,0,0,3,1,1,2
209,48.0,20.0,41.0,0,0,0,1,-1,3,0,-1,-1,0,0
210,66.0,24.0,47.0,1,2,0,2,3,0,0,1,0,1,0
211,52.0,20.0,36.0,0,0,1,2,3,3,0,2,3,0,2
212,48.0,28.0,49.0,0,1,1,2,4,3,0,2,3,0,2
213,164.0,30.0,75.0,1,2,1,1,3,0,0,1,0,1,2
214,96.0,28.0,66.0,1,2,0,0,0,2,0,0,-1,0,-1
215,66.0,12.0,44.0,1,1,1,1,3,1,0,0,3,1,0
216,48.0,16.0,47.0,0,1,1,2,2,1,0,3,3,0,0
217,96.0,30.0,52.0,1,2,0,0,0,0,0,0,1,1,2
218,60.0,8.0,39.0,0,0,1,1,2,3,0,-1,-1,0,0
219,136.0,48.0,45.0,1,2,1,1,0,3,0,1,1,1,2
220,40.0,36.0,44.0,1,0,1,2,2,0,0,0,1,1,1
221,114.0,36.0,50.0,1,2,1,0,3,0,0,1,1,1,2
222,100.0,51.0,66.0,1,2,0,1,0,0,0,1,0,1,0
223,80.0,12.0,57.0,1,2,0,1,3,0,0,0,0,1,-1
224,72.0,42.0,75.0,1,1,0,1,0,2,0,0,0,1,2
225,96.0,36.0,41.0,1,1,0,1,3,0,0,0,0,1,2
226,88.0,20.0,46.0,0,0,0,-1,0,3,0,1,0,1,0
227,54.0,36.0,44.0,1,1,1,1,3,0,0,0,3,0,2
228,48.0,18.0,49.0,1,2,1,2,3,0,0,1,0,1,2
229,52.0,40.0,50.0,1,0,0,2,0,1,0,3,3,1,0
230,96.0,48.0,36.0,1,2,0,1,3,0,0,0,-1,1,2
231,48.0,18.0,48.0,0,2,1,2,3,1,0,1,0,0,2
232,114.0,36.0,54.0,1,2,0,1,3,0,0,1,-1,0,2
233,66.0,14.0,33.0,1,0,1,2,3,0,0,0,3,1,2
234,112.0,40.0,65.0,1,2,1,1,0,0,0,1,0,1,2
235,64.0,32.0,50.0,1,0,0,2,3,3,0,1,0,1,2
236,114.0,30.0,57.0,1,2,0,1,0,0,0,1,1,1,0
237,48.0,16.0,49.0,0,1,1,2,2,1,0,2,3,0,2
238,88.0,36.0,39.0,1,2,0,1,3,0,0,-1,0,1,0
239,60.0,40.0,65.0,1,2,0,1,0,0,0,1,0,1,2
240,88.0,20.0,65.0,1,2,1,1,0,0,0,0,0,1,2
241,92.0,30.0,60.0,1,1,0,1,0,0,0,0,0,1,2
242,44.0,12.0,53.0,1,2,0,1,3,0,0,4,-1,0,1
243,66.0,12.0,43.0,1,1,1,3,-1,0,0,0,0,1,2
244,40.0,12.0,48.0,0,0,1,3,3,1,0,2,3,0,2
245,64.0,24.0,33.0,1,1,1,1,0,0,0,1,0,1,2
246,108.0,18.0,75.0,1,0,0,0,0,2,0,0,0,1,2
247,42.0,12.0,23.0,0,1,1,2,2,1,0,-1,3,0,0
248,54.0,14.0,43.0,1,1,0,0,0,2,0,1,0,1,2
249,88.0,24.0,52.0,1,2,0,2,3,3,0,1,3,1,0
250,42.0,12.0,36.0,1,0,0,2,0,1,0,0,1,1,-1
251,88.0,20.0,44.0,1,0,0,1,3,0,0,1,0,1,2
252,52.0,16.0,30.0,1,1,0,-1,-1,-1,0,1,-1,0,2
253,60.0,48.0,75.0,1,1,0,1,0,1,0,-1,3,1,0
254,40.0,14.0,40.0,1,1,1,2,3,3,0,3,3,1,2
255,52.0,24.0,57.0,1,2,0,1,3,0,0,1,4,1,1
256,104.0,35.0,75.0,1,1,1,1,3,0,0,1,-1,1,2
257,64.0,36.0,44.0,1,1,1,3,3,3,0,0,0,1,2
258,90.0,48.0,54.0,1,2,0,1,0,0,1,-1,1,1,1
259,88.0,30.0,53.0,1,2,0,0,3,0,0,1,0,1,1
260,66.0,28.0,54.0,0,0,0,3,3,1,0,0,0,0,2
261,92.0,36.0,60.0,1,1,0,1,0,1,0,1,1,1,2
262,108.0,12.0,69.0,1,2,1,1,3,3,0,1,1,1,-1
263,78.0,28.0,57.0,1,2,0,1,3,1,0,0,-1,1,0
264,76.0,51.0,60.0,1,2,0,1,3,0,0,0,0,1,2
265,48.0,20.0,48.0,0,1,1,1,2,1,0,-1,3,0,0
266,60.0,14.0,41.0,1,0,0,2,3,3,0,1,0,1,2
267,49.0,9.0,49.0,0,1,1,2,3,3,0,4,3,1,2
268,114.0,36.0,57.0,1,2,0,1,0,2,1,0,0,1,0
269,88.0,40.0,44.0,0,2,1,2,3,0,0,0,0,1,2
270,48.0,32.0,39.0,1,0,1,2,3,0,0,3,1,1,2
271,129.0,24.0,57.0,0,2,0,1,0,0,0,1,3,1,2
272,108.0,48.0,55.0,0,2,1,0,3,0,0,0,1,1,2
273,88.0,48.0,48.0,1,2,1,1,0,0,0,1,0,1,1
274,66.0,12.0,44.0,1,1,1,1,3,1,0,0,2,1,2
275,114.0,36.0,57.0,1,1,1,1,3,2,1,0,0,0,2
276,114.0,36.0,57.0,1,2,0,1,3,3,0,1,3,1,2
277,52.0,12.0,41.0,1,0,0,2,3,3,0,1,1,1,0
278,86.0,20.0,48.0,1,2,1,1,3,3,0,-1,0,0,-1
279,64.0,48.0,48.0,1,1,1,1,3,0,0,0,3,1,2
280,56.0,68.0,41.0,0,0,0,3,3,1,1,-1,1,0,1
281,64.0,40.0,41.0,1,1,1,1,3,3,0,0,1,1,2
282,72.0,48.0,66.0,1,1,0,1,3,2,0,0,0,0,0
283,52.0,12.0,42.0,0,0,1,2,4,1,0,3,3,0,2
284,114.0,36.0,63.0,1,2,0,1,0,0,0,0,0,0,0
285,48.0,12.0,35.0,1,0,1,1,4,3,0,1,3,1,0
286,88.0,30.0,57.0,1,2,0,1,0,2,0,0,-1,1,0
287,64.0,90.0,39.0,1,2,1,2,3,3,0,1,0,1,2
288,108.0,12.0,47.0,1,2,1,1,3,0,0,3,1,0,2
289,88.0,96.0,54.0,1,2,0,1,3,3,0,1,0,1,2
290,48.0,12.0,43.0,0,0,1,1,2,3,0,-1,3,0,-1
291,52.0,16.0,45.0,1,0,0,3,2,1,0,0,-1,1,2
292,164.0,84.0,48.0,1,2,1,0,0,2,1,-1,1,1,0
293,136.0,40.0,47.0,1,2,0,1,3,0,0,1,0,1,1
294,52.0,60.0,49.0,1,0,0,1,3,0,0,1,1,1,2
295,60.0,44.0,55.0,1,2,0,0,0,2,0,0,3,1,0
296,64.0,12.0,43.0,0,1,1,1,3,3,0,2,3,0,0
297,68.0,20.0,39.0,1,0,1,2,3,3,0,2,1,1,2
298,112.0,16.0,69.0,1,2,0,1,3,3,0,1,0,0,2
299,48.0,16.0,49.0,0,0,1,2,3,1,0,4,1,0,2
300,60.0,30.0,33.0,1,2,1,1,3,3,0,1,0,1,0
301,52.0,20.0,26.0,1,1,0,1,0,0,0,1,1,1,0
302,112.0,16.0,51.0,1,2,0,-1,-1,1,0,1,-1,1,-1
303,84.0,40.0,75.0,1,0,0,1,0,2,0,0,0,1,-1
304,80.0,36.0,44.0,1,2,1,1,3,3,0,1,2,1,0
305,64.0,36.0,40.0,1,2,0,1,3,1,0,0,0,1,2
306,88.0,20.0,35.0,1,2,0,1,0,0,0,1,0,1,2
307,124.0,36.0,35.0,1,1,1,2,3,0,1,-1,2,1,0
308,108.0,40.0,37.0,0,2,1,2,3,0,1,-1,0,0,-1
309,128.0,36.0,52.0,1,2,0,-1,3,0,0,0,0,1,2
310,132.0,12.0,75.0,1,2,1,-1,0,3,0,1,0,1,2
311,130.0,48.0,65.0,0,1,1,0,0,2,0,-1,-1,0,0
312,60.0,32.0,43.0,1,2,0,2,3,0,0,1,1,1,2
313,132.0,32.0,57.0,0,1,0,-1,0,2,0,-1,-1,1,0
314,52.0,18.0,48.0,1,0,0,2,3,1,1,-1,3,1,2
315,60.0,30.0,46.0,1,-1,0,1,0,3,0,-1,0,1,2
316,64.0,40.0,42.0,0,1,1,2,3,3,0,2,1,0,2
317,60.0,20.0,65.0,1,0,0,2,3,3,0,1,-1,0,-1
318,86.0,28.0,73.0,1,2,0,1,3,3,0,0,1,1,0
319,114.0,36.0,57.0,0,2,1,1,0,0,0,0,3,0,0
320,86.0,40.0,41.0,0,1,0,1,0,0,0,4,-1,0,1
321,80.0,44.0,54.0,1,2,0,1,3,0,0,3,1,1,1
322,52.0,16.0,47.0,1,1,0,1,0,0,0,0,0,1,2
323,66.0,12.0,44.0,1,0,1,1,3,1,0,0,2,1,2
324,54.0,24.0,49.0,1,1,1,0,3,0,0,1,1,1,2
325,114.0,36.0,57.0,1,1,1,1,3,0,0,0,0,0,2
326,36.0,24.0,52.0,1,2,0,2,0,2,0,-1,-1,1,1
327,100.0,24.0,68.0,1,2,0,0,0,2,0,0,0,1,-1
328,92.0,28.0,45.0,0,0,1,0,0,-1,0,3,3,0,0
329,52.0,16.0,42.0,0,0,0,2,0,3,0,1,1,1,0
330,129.0,51.0,57.0,1,2,1,1,0,0,0,-1,0,0,0
331,66.0,80.0,75.0,1,1,1,1,3,3,0,1,0,1,2
332,40.0,84.0,54.0,1,2,1,1,3,0,0,3,3,1,2
333,120.0,32.0,64.0,1,0,0,1,3,-1,0,0,-1,0,-1
334,104.0,36.0,59.0,1,1,1,2,0,0,0,-1,1,1,-1
335,84.0,40.0,75.0,1,0,1,1,0,3,0,1,0,1,2
336,52.0,12.0,48.0,1,1,1,2,3,0,0,0,0,0,0
337,48.0,32.0,41.0,1,1,1,2,3,0,0,1,0,0,2
338,184.0,58.0,42.0,1,1,1,2,3,1,0,4,1,1,0
339,52.0,16.0,55.0,0,1,1,2,-1,3,0,-1,3,0,2
340,48.0,9.0,49.0,0,0,1,2,4,1,0,2,3,0,2
341,136.0,18.0,54.0,1,1,1,2,3,3,0,1,0,1,0
342,64.0,28.0,50.0,1,2,1,1,0,3,0,1,0,1,2
343,48.0,14.0,47.0,0,0,0,2,3,3,0,-1,-1,1,2
344,54.0,28.0,43.0,0,0,1,2,3,3,0,1,-1,0,0
345,84.0,48.0,49.0,1,2,0,1,0,0,0,-1,-1,0,0
346,104.0,12.0,51.0,0,2,0,1,3,3,0,1,0,0,2
347,88.0,36.0,50.0,0,0,0,2,2,1,0,2,2,0,2
348,114.0,36.0,57.0,1,2,0,1,3,0,0,0,3,0,2
349,52.0,16.0,45.0,1,2,1,1,3,3,0,1,0,1,2
350,48.0,24.0,37.0,1,0,1,1,3,0,0,0,0,1,0
351,48.0,28.0,44.0,0,0,1,3,2,1,0,4,2,0,0
352,120.0,40.0,47.0,1,2,0,1,3,0,1,-1,-1,1,2
353,66.0,12.0,50.0,1,1,1,1,3,3,0,1,1,1,0
354,88.0,51.0,66.0,1,2,1,0,0,1,0,1,-1,1,0
355,114.0,36.0,47.0,0,1,1,1,3,0,1,1,3,0,2
356,60.0,16.0,42.0,0,0,1,2,3,3,0,-1,3,0,2
357,108.0,30.0,40.0,1,2,1,-1,0,3,0,1,-1,1,2
358,48.0,12.0,38.0,0,1,1,2,3,1,0,0,3,1,2
359,68.0,12.0,44.0,0,0,1,1,3,3,0,0,3,0,2
360,100.0,51.0,52.0,1,2,1,1,0,2,0,0,0,1,0
361,108.0,12.0,48.0,1,2,1,1,0,3,0,1,0,1,2
362,52.0,51.0,53.0,1,0,0,2,3,0,0,0,0,0,2
363,84.0,20.0,49.0,1,1,1,-1,3,0,0,1,1,1,2
364,114.0,24.0,57.0,1,2,1,1,3,0,0,1,0,0,0
365,96.0,40.0,60.0,0,1,1,1,0,2,0,0,1,0,2
366,52.0,40.0,40.0,1,1,0,2,3,3,0,1,0,1,2
367,114.0,48.0,59.0,1,2,0,1,0,0,0,-1,-1,1,-1
368,100.0,51.0,66.0,1,2,0,0,0,1,0,1,-1,1,0
369,84.0,36.0,48.0,0,1,0,1,0,2,0,-1,0,1,0
370,108.0,24.0,52.0,1,2,0,1,0,0,0,1,-1,1,2
371,48.0,16.0,49.0,1,0,1,2,3,1,0,0,3,1,2
372,112.0,36.0,73.0,1,2,1,1,0,0,0,1,0,0,2
373,48.0,24.0,49.0,0,0,1,2,4,1,0,3,3,0,2
374,64.0,36.0,59.0,1,2,0,1,3,3,0,0,3,1,2
375,96.0,18.0,47.0,1,2,0,0,3,0,0,1,1,0,2
376,60.0,24.0,52.0,1,1,1,2,0,2,0,0,-1,1,2
377,40.0,30.0,51.0,1,2,1,1,0,3,0,1,0,1,2
378,52.0,20.0,28.0,1,1,1,1,4,1,0,0,3,1,0
379,98.0,40.0,47.0,1,2,1,1,3,3,0,1,0,1,1
380,60.0,24.0,55.0,1,2,0,1,0,2,0,0,0,1,-1
381,100.0,20.0,40.0,1,0,1,2,3,1,0,3,3,1,2
382,48.0,16.0,48.0,0,0,0,1,0,3,0,4,-1,0,2
383,52.0,12.0,44.0,1,1,1,1,4,3,0,1,3,1,2
384,88.0,14.0,47.0,1,1,1,1,0,0,0,1,2,1,2
385,48.0,16.0,36.0,0,1,0,2,4,1,0,-1,-1,1,2
386,84.0,32.0,45.0,1,2,0,1,0,0,0,1,0,1,0
387,96.0,36.0,48.0,1,2,1,1,0,3,0,0,-1,0,0
388,40.0,20.0,41.0,1,2,0,1,3,0,0,1,3,1,2
389,100.0,48.0,68.0,1,-1,0,1,0,2,0,4,-1,1,0
390,164.0,36.0,60.0,1,2,1,0,0,3,0,0,0,1,2
391,66.0,12.0,54.0,1,2,1,1,3,1,0,1,2,1,2
392,84.0,36.0,45.0,1,2,0,2,3,0,0,0,0,1,-1
393,114.0,36.0,57.0,1,2,1,1,3,0,0,0,3,0,2
394,104.0,40.0,57.0,1,2,0,1,0,3,0,-1,-1,1,2
395,96.0,21.0,44.0,1,2,1,1,0,0,1,0,-1,1,1
396,84.0,36.0,33.0,1,0,0,0,3,0,0,0,0,1,2
397,48.0,12.0,50.0,1,2,1,1,4,3,0,2,1,1,2
398,60.0,12.0,37.0,1,2,1,1,3,3,0,1,1,1,1
399,96.0,28.0,65.0,1,2,1,1,0,2,0,0,0,1,0
400,66.0,12.0,45.0,1,1,1,1,3,1,0,1,3,1,2
401,48.0,16.0,44.0,1,2,1,1,3,0,0,-1,1,1,0
402,72.0,30.0,48.0,1,-1,0,2,3,0,0,0,1,1,2
403,66.0,12.0,44.0,1,1,1,2,3,1,1,-1,2,1,2
404,48.0,12.0,49.0,0,0,1,1,0,3,0,2,-1,0,-1
405,88.0,12.0,51.0,1,2,0,1,0,3,0,1,0,1,0
406,48.0,12.0,49.0,0,0,1,2,4,1,0,3,3,0,2
407,68.0,22.0,75.0,1,-1,0,1,3,3,0,1,0,1,2
408,120.0,36.0,69.0,1,0,0,0,0,0,0,0,0,1,-1
409,52.0,16.0,37.0,0,0,0,3,4,1,0,2,3,0,0
410,100.0,51.0,43.0,1,2,0,1,0,2,0,0,-1,1,2
411,96.0,21.0,48.0,1,2,1,1,0,0,0,1,1,1,2
412,104.0,18.0,69.0,1,2,1,2,0,3,0,1,-1,1,2
413,104.0,40.0,71.0,1,-1,0,0,3,0,0,1,0,1,2
414,72.0,20.0,40.0,1,2,1,1,3,0,0,-1,1,1,0
415,108.0,12.0,52.0,1,2,1,1,0,3,0,2,1,0,-1
416,52.0,20.0,36.0,0,0,1,2,3,3,0,2,3,0,0
417,66.0,32.0,41.0,1,2,0,1,3,0,0,0,3,1,2
418,48.0,12.0,42.0,1,2,1,1,3,3,0,1,1,1,2
419,52.0,24.0,37.0,0,0,0,3,3,1,0,-1,-1,0,1
420,184.0,30.0,48.0,1,2,1,1,0,0,1,1,0,1,2
421,72.0,24.0,75.0,0,1,0,1,3,0,0,-1,0,1,0
422,88.0,16.0,52.0,0,0,1,2,3,1,0,-1,3,0,0
423,88.0,24.0,57.0,1,2,0,1,0,2,0,1,-1,1,1
424,108.0,12.0,48.0,1,2,0,1,0,0,0,0,0,1,-1
425,88.0,32.0,55.0,1,2,1,1,3,0,0,1,1,1,2
426,88.0,28.0,54.0,0,2,0,0,0,2,0,0,1,1,0
427,48.0,16.0,45.0,1,1,0,2,0,0,0,0,1,1,2
428,72.0,36.0,64.0,1,1,0,1,3,0,0,0,0,0,1
429,120.0,48.0,43.0,1,2,0,0,0,0,1,-1,-1,1,2
430,84.0,20.0,75.0,0,-1,0,1,0,0,0,-1,-1,1,1
431,88.0,24.0,37.0,1,1,1,0,3,0,0,0,1,1,2
432,96.0,12.0,50.0,1,2,1,0,0,3,1,1,0,1,2
433,129.0,48.0,57.0,1,-1,0,1,3,-1,0,-1,-1,0,2
434,136.0,48.0,33.0,1,1,1,1,2,0,1,-1,2,1,2
435,104.0,48.0,66.0,0,2,1,1,0,2,0,-1,-1,0,1
436,36.0,18.0,43.0,1,1,1,2,3,0,0,0,0,1,2
437,108.0,51.0,58.0,0,2,1,1,0,3,0,1,0,1,0
438,40.0,20.0,48.0,1,2,1,1,3,0,0,1,0,1,2
439,80.0,44.0,47.0,1,2,1,1,3,1,0,3,1,0,2
440,48.0,20.0,31.5,1,2,1,1,3,0,0,0,0,1,1
441,88.0,32.0,50.0,1,2,1,1,0,3,0,1,-1,0,2
442,66.0,16.0,69.0,1,2,1,3,3,0,0,0,1,0,2
443,80.0,36.0,54.0,1,2,1,1,3,0,0,3,1,1,2
444,75.0,36.0,48.0,1,2,1,-1,0,3,0,1,0,1,0
445,140.0,20.0,57.0,1,2,1,1,3,0,0,0,3,1,2
446,129.0,40.0,34.0,1,-1,1,1,0,-1,1,-1,3,1,-1
447,114.0,36.0,57.0,1,2,0,1,3,0,0,-1,3,1,2
448,88.0,20.0,52.0,1,1,1,1,0,3,0,1,0,1,2
449,129.0,51.0,57.0,1,2,0,2,0,0,0,1,1,1,2
450,128.0,36.0,57.0,1,2,1,1,0,0,1,1,0,1,2
451,60.0,12.0,45.0,1,1,1,2,3,3,0,1,1,1,2
452,86.0,24.0,56.0,1,2,1,0,3,0,0,1,0,1,2
453,114.0,36.0,44.0,1,2,1,1,3,3,0,1,0,1,2
454,92.0,28.0,40.0,0,1,1,1,0,3,0,2,1,0,0
455,56.0,30.0,43.0,1,2,0,1,0,0,0,1,0,1,1
456,44.0,12.0,32.0,0,2,1,2,2,1,0,3,3,0,0
457,48.0,16.0,32.0,1,2,1,1,4,3,0,-1,3,1,2
458,114.0,36.0,48.0,1,2,0,1,3,0,1,1,1,0,2
459,88.0,51.0,73.0,0,2,0,1,0,0,0,1,0,1,2
460,96.0,25.0,45.0,1,0,0,1,0,2,0,-1,0,0,0
461,48.0,12.0,44.0,1,-1,1,1,3,1,0,0,1,1,2
462,88.0,24.0,66.0,1,2,0,1,0,1,0,1,0,1,-1
463,88.0,32.0,55.0,0,-1,0,1,3,-1,0,1,0,0,-1
464,52.0,24.0,52.0,0,1,1,2,0,3,0,2,0,0,2
465,48.0,32.0,41.0,1,0,0,2,3,0,0,1,0,1,2
466,92.0,30.0,52.0,1,1,0,1,0,0,0,-1,0,0,0
467,120.0,24.0,65.0,0,2,1,1,0,2,0,1,0,0,2
468,52.0,24.0,38.0,0,0,1,2,3,3,0,2,1,0,2
469,112.0,16.0,50.0,0,1,1,1,3,3,0,1,0,1,2
470,52.0,12.0,32.0,0,1,1,2,3,1,0,2,1,0,2
471,108.0,51.0,50.0,1,0,1,1,0,0,0,-1,-1,0,2
472,48.0,12.0,41.0,1,1,1,2,4,1,0,1,2,1,2
473,48.0,18.0,42.0,0,1,0,1,0,3,0,4,-1,0,2
474,52.0,24.0,48.0,1,0,0,2,0,1,0,-1,2,1,2
475,48.0,12.0,49.0,0,0,0,2,2,3,0,4,3,0,2
476,114.0,36.0,50.0,0,2,1,3,3,0,0,0,0,0,0
477,48.0,24.0,45.0,1,0,1,2,3,0,0,4,1,1,-1
478,40.0,16.0,31.0,1,-1,0,-1,-1,-1,0,0,-1,0,-1
479,96.0,24.0,52.0,1,2,0,1,0,2,0,1,0,1,2
480,60.0,10.0,50.0,1,2,0,1,0,2,0,-1,0,1,-1
481,48.0,30.0,48.0,0,-1,0,2,3,0,0,-1,3,1,0
482,124.0,40.0,55.0,1,2,0,1,0,0,0,1,-1,0,2
483,82.0,36.0,45.0,1,1,1,0,3,0,0,0,1,1,2
484,56.0,40.0,40.0,0,1,1,2,3,3,0,2,3,0,2
485,114.0,36.0,55.0,1,2,0,1,3,3,0,1,1,0,2
486,66.0,12.0,31.5,1,2,1,2,3,3,0,1,1,1,2
487,36.0,24.0,52.0,0,1,0,1,0,2,0,-1,-1,1,1
488,114.0,36.0,57.0,1,2,0,1,3,0,0,0,3,1,2
489,84.0,30.0,48.0,1,1,0,1,3,0,1,-1,3,0,2
490,100.0,51.0,68.0,1,2,1,0,0,1,0,1,-1,1,0
491,40.0,26.0,45.0,1,1,1,2,2,3,0,0,3,1,2
492,100.0,24.0,52.0,1,2,0,1,0,2,0,0,1,1,0
493,48.0,28.0,41.0,1,1,1,2,-1,1,0,-1,-1,1,0
494,88.0,28.0,48.0,1,0,0,2,2,1,0,-1,3,1,0
495,66.0,16.0,43.0,1,1,1,2,0,3,0,-1,-1,1,2
496,86.0,16.0,73.0,1,0,1,1,3,0,0,0,0,0,0
497,112.0,16.0,51.0,1,2,1,0,0,0,0,0,-1,0,0
498,84.0,40.0,43.0,1,0,1,1,0,0,1,0,1,1,1
499,128.0,36.0,57.0,1,2,0,0,3,0,0,0,2,1,2
500,56.0,40.0,44.0,0,0,1,1,3,3,0,0,0,0,2
501,96.0,28.0,55.0,1,-1,0,1,0,2,0,0,0,1,2
502,88.0,28.0,37.0,1,1,1,3,2,0,0,-1,1,0,2
503,66.0,8.0,48.0,1,1,1,2,3,0,0,1,0,0,2
504,40.0,12.0,33.0,0,1,0,1,0,0,0,0,-1,0,2
505,48.0,30.0,37.0,1,0,0,2,3,3,0,1,0,0,2
506,84.0,48.0,63.0,1,2,0,1,3,0,0,1,0,1,1
507,124.0,30.0,52.0,1,2,0,1,3,0,0,1,0,1,1
508,88.0,36.0,45.0,1,2,1,1,0,0,0,0,1,1,0
509,75.0,36.0,48.0,1,2,0,2,0,3,0,0,0,1,2
510,52.0,24.0,45.0,1,0,0,0,0,3,0,1,1,1,0
511,86.0,24.0,59.0,1,2,0,1,0,3,0,1,0,1,2
512,75.0,36.0,48.0,1,2,0,0,0,2,0,1,0,1,2
513,48.0,20.0,42.0,1,0,1,-1,3,1,0,-1,3,1,0
514,50.0,20.0,36.0,0,0,1,2,3,3,0,4,-1,0,2
515,60.0,20.0,52.0,0,2,0,1,3,0,0,-1,1,1,2
516,96.0,20.0,47.0,1,0,1,2,3,0,0,1,3,1,2
517,114.0,36.0,57.0,1,2,0,1,3,0,0,1,3,0,2
518,48.0,30.0,35.0,1,1,0,1,3,0,0,0,1,1,2
519,52.0,24.0,44.0,1,1,0,2,3,1,0,-1,3,1,2
520,60.0,12.0,49.0,0,0,1,1,3,3,0,4,-1,0,2
521,80.0,30.0,68.0,1,2,0,0,0,2,0,0,0,0,2
522,96.0,40.0,43.0,1,1,1,1,0,0,0,0,0,1,-1
523,78.0,20.0,37.0,1,-1,0,1,0,3,0,-1,-1,1,2
524,72.0,30.0,44.0,1,1,1,1,3,0,0,1,0,1,2
525,60.0,24.0,43.0,1,1,0,1,3,3,0,1,1,1,2
526,114.0,48.0,57.0,1,2,1,1,0,3,0,0,-1,0,2
527,75.0,60.0,45.0,1,1,1,1,3,0,0,0,1,1,0
528,84.0,36.0,57.0,1,2,0,1,3,3,1,0,0,1,0
529,40.0,20.0,36.0,0,-1,0,-1,-1,-1,0,0,-1,1,-1
530,112.0,24.0,57.0,0,2,1,1,0,3,0,-1,-1,0,2
531,48.0,16.0,34.0,0,0,0,2,2,1,0,-1,3,0,1
532,48.0,24.0,43.0,0,1,1,2,4,1,0,3,3,0,0
533,84.0,20.0,35.0,1,1,0,1,3,0,0,0,1,0,2
534,80.0,36.0,65.0,0,2,0,1,0,3,0,0,1,1,2
535,84.0,36.0,57.0,1,2,1,1,3,0,0,0,3,0,2
536,66.0,40.0,35.0,1,2,1,3,3,0,1,1,0,1,1
537,108.0,36.0,54.0,1,2,0,1,3,3,0,2,2,0,0
538,114.0,36.0,57.0,1,2,0,1,3,0,0,0,1,0,2
539,114.0,44.0,57.0,1,2,1,1,3,0,0,3,3,0,2
540,92.0,22.0,65.0,1,2,1,1,3,3,0,1,0,1,-1
541,60.0,24.0,47.0,1,1,0,1,0,0,0,-1,-1,1,2
542,136.0,48.0,33.0,1,1,1,1,2,0,1,-1,-1,1,2
543,75.0,36.0,48.0,1,2,1,-1,0,3,0,1,0,1,2
544,100.0,24.0,75.0,1,2,0,0,0,2,0,1,0,1,0
545,52.0,12.0,40.0,0,1,1,2,3,3,0,2,2,0,2
546,88.0,24.0,44.0,1,2,1,1,3,3,0,0,0,0,-1
547,64.0,28.0,44.0,1,1,1,2,3,3,0,1,1,1,2
548,72.0,44.0,53.0,1,1,1,1,0,3,0,1,0,1,2
549,96.0,18.0,69.0,1,2,1,2,0,3,0,1,-1,1,-1
550,96.0,20.0,41.0,1,2,0,1,3,0,0,0,0,1,2
551,129.0,48.0,48.0,1,1,1,1,0,0,0,-1,-1,1,2
552,100.0,51.0,57.0,0,2,0,1,0,0,0,0,-1,1,2
553,48.0,32.0,37.0,1,1,0,1,0,0,0,-1,0,1,2
554,114.0,36.0,68.0,1,2,0,1,3,0,0,1,0,0,2
555,52.0,24.0,48.0,1,0,1,2,0,1,0,0,2,1,2
556,108.0,51.0,66.0,0,2,1,1,0,1,0,1,0,0,2
557,90.0,32.0,44.0,1,1,0,1,3,3,0,1,0,1,0
558,88.0,48.0,48.0,1,2,1,1,3,0,0,1,0,1,2
559,120.0,10.0,34.0,1,0,0,-1,4,1,0,3,1,1,-1
560,52.0,12.0,44.0,0,0,1,2,3,3,0,2,3,0,2
561,108.0,12.0,52.0,1,2,1,1,0,0,0,2,1,0,-1
562,88.0,36.0,45.0,0,0,1,1,2,3,1,-1,3,0,2
563,52.0,96.0,39.0,1,1,1,2,0,3,0,1,3,1,2
564,44.0,12.0,37.0,1,2,0,1,0,1,0,0,0,1,2
565,88.0,28.0,64.0,1,1,0,2,0,0,0,1,0,1,2
566,60.0,18.0,32.0,1,0,1,2,3,3,0,1,0,1,2
567,52.0,16.0,68.0,1,2,1,1,3,0,0,-1,0,1,2
568,48.0,16.0,52.0,0,1,0,2,0,1,0,-1,3,1,0
569,76.0,20.0,52.0,1,2,0,2,0,2,0,0,0,1,1
570,40.0,12.0,47.0,0,2,1,1,3,3,0,4,1,0,2
571,52.0,24.0,32.0,0,0,1,2,4,3,0,2,3,0,2
572,52.0,44.0,48.0,0,1,1,2,3,-1,0,4,1,0,2
573,70.0,32.0,32.0,1,1,1,1,3,1,0,1,3,1,2
574,100.0,36.0,54.0,1,2,0,1,3,0,0,1,0,1,0
575,60.0,12.0,47.0,1,0,1,3,2,0,0,3,2,1,0
576,112.0,24.0,75.0,1,2,1,1,0,2,1,1,0,1,2
577,84.0,36.0,47.0,1,2,1,1,3,0,1,0,0,1,2
578,60.0,16.0,40.0,1,1,1,1,3,1,0,1,1,1,2
579,108.0,18.0,50.0,1,2,0,1,3,0,0,1,0,0,2
580,88.0,20.0,43.0,1,2,0,1,3,0,0,1,-1,1,2
581,66.0,16.0,48.0,0,1,0,2,3,0,0,0,3,0,2
582,112.0,12.0,54.0,1,2,0,0,0,1,0,0,1,1,0
583,72.0,24.0,65.0,1,2,1,0,3,0,0,0,0,1,0
584,164.0,84.0,48.0,1,2,1,0,0,2,1,-1,1,1,0
585,86.0,12.0,45.0,1,2,0,1,3,0,0,0,0,1,2
586,164.0,84.0,48.0,1,-1,1,0,0,2,1,-1,0,1,0
587,66.0,24.0,47.0,1,2,1,1,2,0,0,0,0,1,2
588,114.0,36.0,57.0,0,2,1,0,0,2,0,0,0,0,2
589,96.0,12.0,66.0,1,2,0,1,0,0,0,1,-1,1,2
590,84.0,40.0,47.0,0,2,1,1,3,0,1,1,2,0,2
591,64.0,21.0,43.0,1,1,1,2,3,1,0,-1,3,1,0
592,100.0,51.0,50.0,1,1,0,1,3,2,0,0,0,1,1
593,64.0,30.0,39.0,0,2,1,1,3,3,0,-1,0,0,-1
594,60.0,16.0,49.0,0,1,1,2,3,1,0,3,3,0,2
595,88.0,16.0,55.0,1,1,0,2,0,0,0,0,3,0,0
596,108.0,12.0,52.0,1,2,0,1,0,0,0,1,1,0,0
597,80.0,32.0,52.0,1,2,0,0,3,0,0,1,0,1,1
598,88.0,30.0,50.0,1,2,0,1,3,0,0,1,0,1,2
599,84.0,36.0,45.0,1,1,1,1,0,2,0,-1,1,1,1
600,164.0,84.0,45.0,1,2,1,0,0,2,1,-1,1,1,2
601,160.0,36.0,35.0,1,0,0,1,3,3,1,-1,0,1,2
602,60.0,28.0,39.0,0,0,1,2,0,1,0,0,0,1,2
603,114.0,36.0,63.0,1,2,1,1,3,0,0,0,1,0,2
604,50.0,24.0,39.0,1,1,0,1,3,0,0,1,0,1,1
605,124.0,70.0,57.0,1,2,1,1,3,3,1,1,0,1,2
606,120.0,40.0,57.0,1,2,0,1,0,2,0,0,1,1,2
607,52.0,20.0,36.0,0,0,1,2,3,3,0,2,3,0,0
608,108.0,20.0,75.0,1,2,0,1,0,2,0,1,1,1,-1
609,48.0,16.0,41.0,1,1,1,2,0,3,0,1,1,1,2
610,130.0,48.0,57.0,1,2,0,0,0,0,0,0,-1,1,2
611,84.0,30.0,75.0,1,2,0,1,3,1,0,1,0,1,2
612,84.0,36.0,52.0,1,2,0,2,0,0,0,1,0,1,2
613,60.0,51.0,45.0,1,2,0,1,3,0,0,1,0,1,1
614,86.0,30.0,36.0,0,-1,0,0,0,3,0,0,-1,1,2
615,66.0,32.0,44.0,1,0,0,1,2,3,0,1,1,1,1
616,60.0,16.0,43.0,1,0,0,1,3,1,0,0,2,1,2
617,60.0,28.0,40.0,1,1,1,2,3,0,0,1,1,1,2
618,64.0,88.0,43.0,1,2,1,2,3,1,0,-1,3,1,2
619,80.0,40.0,65.0,1,2,1,1,3,0,0,0,-1,1,1
620,72.0,60.0,53.0,1,2,0,0,0,0,0,0,0,1,0
621,164.0,84.0,48.0,1,2,1,0,0,2,1,-1,1,1,0
622,52.0,24.0,48.0,1,-1,0,1,0,1,0,1,0,1,2
623,54.0,40.0,35.0,0,1,1,2,3,3,0,2,3,0,2
624,52.0,28.0,39.0,0,0,1,2,3,0,0,0,1,0,2
625,72.0,36.0,33.0,1,2,1,1,3,0,0,1,1,1,2
626,64.0,36.0,66.0,1,2,0,1,3,3,0,1,0,1,0
627,60.0,20.0,48.0,1,1,0,3,0,0,0,1,-1,1,1
628,120.0,20.0,68.0,1,1,0,-1,3,0,0,-1,-1,1,0
629,129.0,48.0,57.0,1,2,0,1,0,0,0,-1,-1,1,-1
630,104.0,24.0,52.0,1,1,1,1,0,0,0,0,0,1,2
631,90.0,24.0,52.0,1,2,0,1,3,0,0,0,0,1,0
632,114.0,36.0,57.0,1,2,1,1,3,0,0,0,3,0,2
633,60.0,80.0,48.0,1,1,1,1,0,0,0,0,1,1,2
634,42.0,24.0,40.0,1,0,1,2,3,0,0,1,0,1,2
635,36.0,16.0,37.0,0,1,0,1,4,3,0,-1,1,1,1
636,84.0,40.0,75.0,0,0,1,1,0,2,0,0,0,1,0
637,86.0,36.0,36.0,1,2,1,1,3,3,0,1,0,1,0
638,60.0,20.0,43.0,1,-1,1,1,-1,0,0,1,0,0,2
639,48.0,21.0,48.0,1,0,1,2,0,3,0,0,1,1,2
640,66.0,12.0,44.0,1,1,0,1,3,1,0,0,2,1,2
641,44.0,20.0,43.0,0,1,1,2,3,3,0,1,0,0,2
642,48.0,16.0,49.0,0,0,1,2,3,3,0,2,1,0,2
643,132.0,68.0,54.0,1,1,0,2,3,0,1,-1,3,1,2
644,84.0,66.0,75.0,1,2,0,1,0,2,0,1,0,1,1
645,48.0,20.0,34.0,0,0,0,2,3,0,0,1,0,0,2
646,88.0,24.0,64.0,1,2,1,1,0,0,0,1,1,1,2
647,88.0,24.0,68.0,0,0,0,1,0,2,0,0,0,1,1
648,128.0,48.0,35.0,1,2,1,1,3,0,1,-1,-1,1,1
649,44.0,12.0,43.0,0,0,1,2,3,3,0,2,3,0,2
650,114.0,36.0,57.0,1,2,1,1,3,0,0,1,0,0,0
651,75.0,36.0,48.0,1,2,1,-1,0,3,0,1,0,1,2
652,84.0,24.0,73.0,1,2,1,1,3,0,0,1,0,1,2
653,54.0,10.0,48.0,0,2,0,2,3,1,0,4,1,1,2
654,72.0,28.0,36.0,1,2,1,2,3,0,0,0,0,1,2
655,72.0,28.0,75.0,0,0,1,0,0,3,0,1,0,1,0
656,88.0,32.0,66.0,1,2,1,1,0,0,0,0,0,1,2
657,66.0,12.0,44.0,1,1,1,1,3,1,0,0,2,1,2
658,44.0,12.0,51.0,1,0,0,1,3,0,0,0,3,1,2
659,36.0,16.0,37.0,0,1,0,1,4,3,0,3,1,1,0
660,84.0,36.0,32.0,1,1,0,-1,3,0,0,0,3,1,2
661,72.0,30.0,52.0,1,2,0,0,3,0,0,1,1,1,-1
662,88.0,24.0,46.0,0,1,0,0,0,0,0,-1,-1,1,2
663,52.0,16.0,28.0,0,0,1,2,-1,1,0,2,3,0,2
664,72.0,30.0,37.0,1,2,1,2,3,1,0,0,3,1,2
665,84.0,40.0,75.0,0,1,0,1,0,-1,0,0,0,1,-1
666,54.0,14.0,38.0,1,0,1,2,4,3,0,3,2,1,2
667,80.0,24.0,52.0,1,2,0,1,3,0,0,1,0,1,0
668,108.0,16.0,54.0,1,1,1,1,3,0,0,0,0,0,2
669,100.0,68.0,52.0,1,2,0,2,0,0,0,0,0,0,2
670,112.0,24.0,60.0,0,1,1,0,0,0,0,1,0,0,2
671,84.0,24.0,33.0,1,2,1,1,0,3,0,1,2,1,2
672,72.0,30.0,52.0,1,2,0,0,3,0,0,0,3,1,0
673,40.0,24.0,42.0,1,1,1,1,3,0,0,0,0,1,2
674,66.0,12.0,44.0,1,1,0,1,3,1,0,0,3,1,0
675,80.0,30.0,45.0,0,2,1,3,3,0,0,1,0,0,2
676,108.0,24.0,55.0,1,2,0,1,1,0,0,1,-1,1,1
677,88.0,20.0,47.0,1,1,0,1,3,3,0,1,0,1,2
678,60.0,30.0,46.0,1,2,0,1,0,0,0,3,-1,1,1
679,88.0,20.0,68.0,1,2,0,1,3,0,0,-1,3,1,2
680,40.0,28.0,49.0,0,0,0,2,3,3,0,2,2,0,2
681,52.0,16.0,52.0,0,1,1,3,3,3,0,-1,3,0,0
682,54.0,16.0,36.0,0,0,1,2,3,3,0,2,1,0,2
683,60.0,16.0,39.0,1,2,1,3,3,3,0,0,-1,1,2
684,84.0,40.0,37.5,1,2,0,1,0,0,0,0,1,1,1
685,52.0,12.0,45.0,1,2,1,0,0,3,0,1,1,1,2
686,98.0,28.0,65.0,1,1,0,0,0,0,0,1,0,1,2
687,60.0,40.0,50.0,1,2,1,3,3,3,0,1,0,1,-1
688,44.0,12.0,34.0,0,0,1,1,3,0,0,3,3,0,0
689,88.0,12.0,40.0,1,2,1,3,3,0,0,1,0,1,1
690,88.0,12.0,45.0,1,2,1,1,0,0,0,1,0,0,1
691,114.0,36.0,57.0,1,2,0,1,3,0,0,1,3,1,2
692,84.0,20.0,52.0,1,2,0,1,0,0,0,-1,-1,0,-1
693,54.0,36.0,44.0,1,2,0,1,3,0,0,0,2,1,0
694,124.0,40.0,57.0,0,2,1,0,0,3,0,-1,3,1,-1
695,114.0,36.0,50.0,0,2,1,1,3,0,1,-1,0,0,-1
696,52.0,20.0,43.0,0,0,1,3,2,1,0,3,3,0,2
697,48.0,32.0,47.0,1,1,0,2,3,1,0,4,1,1,2
698,66.0,12.0,30.0,1,1,1,2,3,0,0,1,0,1,2
699,92.0,24.0,65.0,1,2,0,1,0,2,0,0,3,1,0
700,44.0,16.0,33.0,0,0,1,1,3,1,0,3,1,0,2
701,88.0,20.0,65.0,0,-1,0,-1,3,0,0,1,-1,1,1
702,108.0,51.0,59.0,0,1,1,1,0,3,0,3,1,0,0
703,68.0,16.0,48.0,1,2,1,1,3,3,0,0,1,1,1
704,129.0,30.0,64.0,0,2,0,2,0,0,0,-1,-1,1,2
705,112.0,44.0,60.0,1,1,1,1,0,0,0,0,1,1,2
706,48.0,32.0,49.0,0,0,1,2,3,1,0,4,-1,0,2
707,96.0,16.0,63.0,1,2,0,1,3,0,0,1,0,1,0
708,64.0,36.0,48.0,1,-1,0,1,3,3,0,1,0,1,2
709,108.0,40.0,53.0,0,2,0,1,-1,1,0,1,-1,0,2
710,86.0,51.0,65.0,1,2,0,1,3,2,0,-1,0,1,-1
711,60.0,30.0,35.0,1,1,0,1,3,3,0,1,-1,1,2
712,112.0,14.0,57.0,1,2,0,1,0,3,0,1,3,1,2
713,114.0,36.0,57.0,1,2,1,1,3,0,0,-1,3,0,2
714,76.0,20.0,46.0,1,0,1,2,0,0,0,0,-1,1,2
715,100.0,36.0,57.0,1,2,0,1,0,0,0,0,0,1,1
716,68.0,14.0,50.0,1,2,1,0,3,0,0,1,0,1,1
717,150.0,40.0,48.0,0,2,0,1,0,2,0,0,0,0,1
718,114.0,36.0,45.0,1,1,0,1,3,1,0,3,3,1,0
719,120.0,20.0,36.0,1,2,0,0,3,0,1,-1,-1,1,-1
720,64.0,36.0,41.0,1,2,0,1,3,3,0,1,1,1,0
721,130.0,52.0,63.0,1,2,0,1,0,0,0,-1,1,0,2
722,88.0,16.0,53.0,0,1,0,1,0,0,0,0,-1,1,1
723,132.0,20.0,69.0,1,2,0,-1,0,3,0,1,0,1,2
724,104.0,24.0,41.0,1,2,1,3,3,0,0,1,0,1,1
725,72.0,30.0,45.0,1,1,1,2,3,0,0,-1,-1,1,1
726,60.0,16.0,37.0,1,2,1,1,3,0,0,1,0,1,1
727,96.0,36.0,65.0,1,2,1,1,0,0,0,0,0,1,-1
728,66.0,21.0,44.0,1,1,1,2,3,1,0,1,1,1,0
729,44.0,24.0,39.0,0,1,1,2,3,3,0,1,3,1,2
730,114.0,36.0,50.0,1,2,1,1,3,0,1,-1,1,1,0
731,50.0,12.0,43.0,0,1,1,2,4,3,0,2,1,0,2
732,129.0,48.0,57.0,1,2,1,1,0,0,0,1,0,1,0
733,96.0,20.0,41.0,1,2,0,1,0,0,0,0,0,1,2
734,76.0,24.0,75.0,1,0,0,1,0,1,0,1,-1,1,2
735,50.0,16.0,38.0,1,0,0,3,3,0,0,0,1,1,2
736,66.0,16.0,50.0,1,-1,0,1,3,1,0,1,0,1,2
737,54.0,20.0,42.0,0,0,1,2,2,1,0,0,3,0,2
738,84.0,32.0,75.0,0,-1,0,1,0,0,0,1,1,1,0
739,64.0,40.0,47.0,1,1,0,1,3,3,0,1,1,1,2
740,86.0,24.0,55.0,0,1,0,-1,3,0,0,0,-1,1,-1
741,52.0,24.0,54.0,1,0,0,1,3,3,0,1,0,1,2
742,52.0,12.0,35.0,0,1,1,2,3,3,0,2,1,0,2
743,88.0,32.0,68.0,1,0,0,2,0,1,0,1,0,0,2
744,60.0,18.0,43.0,1,0,1,2,0,3,0,1,0,1,2
745,108.0,30.0,66.0,1,2,1,1,0,2,0,0,0,1,0
746,104.0,40.0,47.0,1,0,1,2,3,0,0,1,3,1,2
747,96.0,16.0,52.0,1,2,0,1,0,1,0,1,-1,1,0
748,48.0,16.0,48.0,0,0,1,2,3,1,0,-1,3,0,2
749,66.0,14.0,44.0,1,1,0,1,3,0,0,1,0,1,2
750,84.0,40.0,47.0,1,1,0,1,3,0,1,3,2,1,2
751,112.0,24.0,52.0,1,2,0,1,0,0,0,0,0,1,2
752,66.0,20.0,45.0,1,1,1,2,0,0,0,0,3,1,2
753,86.0,21.0,48.0,1,1,0,2,3,0,0,0,0,0,2
754,48.0,12.0,46.0,1,1,0,3,3,0,0,1,0,1,2
755,54.0,24.0,49.0,0,1,1,2,4,3,0,3,3,0,2
756,130.0,16.0,46.0,1,2,0,1,0,2,0,3,1,1,-1
757,56.0,84.0,36.0,1,1,1,1,3,0,0,1,0,1,2
758,100.0,51.0,66.0,1,2,0,0,0,1,0,1,-1,1,0
759,72.0,44.0,43.0,1,2,1,1,3,0,0,1,0,1,2
760,86.0,24.0,65.0,1,2,0,1,3,0,0,0,0,1,0
761,36.0,16.0,37.0,0,-1,0,1,4,3,0,-1,1,0,2
762,84.0,32.0,43.0,1,1,1,2,2,1,0,2,1,1,2
763,44.0,12.0,40.0,1,1,1,1,0,0,0,1,0,1,2
764,52.0,40.0,36.0,0,0,1,2,3,3,0,0,3,0,2
765,64.0,40.0,39.0,0,1,0,2,3,3,0,2,1,1,2
766,100.0,24.0,66.0,1,2,0,0,0,1,0,1,-1,1,0
767,42.0,40.0,41.0,1,1,1,2,3,0,0,1,0,1,2
768,100.0,51.0,66.0,1,2,1,1,0,1,0,1,-1,1,2
769,84.0,24.0,45.0,1,0,0,2,0,2,0,0,0,1,0
770,108.0,12.0,52.0,1,-1,0,1,0,3,0,2,1,0,2
771,66.0,12.0,44.0,1,2,1,1,3,3,0,1,1,1,2
772,64.0,80.0,46.0,1,1,0,2,3,0,0,1,0,1,2
773,60.0,24.0,73.0,1,2,1,1,0,2,0,0,0,1,0
774,80.0,24.0,68.0,1,1,1,1,3,0,0,0,1,1,1
775,60.0,24.0,53.0,1,2,0,1,3,0,0,1,0,1,1
776,60.0,12.0,51.0,1,2,0,1,0,0,0,-1,-1,1,1
777,114.0,36.0,57.0,1,2,1,1,3,0,0,0,3,0,2
778,52.0,20.0,47.0,0,1,1,2,3,1,0,1,3,1,0
779,100.0,16.0,47.0,0,0,1,0,0,3,0,1,1,1,0
780,66.0,16.0,40.0,0,2,1,1,3,3,0,1,1,0,2
781,120.0,80.0,53.0,1,1,0,1,3,1,0,0,1,1,1
782,114.0,30.0,60.0,1,2,0,1,0,0,0,0,0,1,2
783,64.0,21.0,39.0,1,0,1,2,3,0,0,0,0,1,2
784,52.0,12.0,41.0,1,0,1,2,3,0,0,1,1,1,2
785,54.0,12.0,37.0,0,1,0,1,4,1,0,3,3,0,0
786,60.0,16.0,55.0,0,2,0,1,0,0,0,0,0,0,2
787,84.0,40.0,75.0,1,0,0,1,0,1,0,1,0,1,2
788,76.0,16.0,33.0,1,2,1,1,0,3,0,1,0,1,2
789,75.0,32.0,35.0,1,1,0,2,3,1,0,-1,-1,1,2
790,72.0,40.0,54.0,1,2,0,1,0,3,0,1,-1,1,2
791,42.0,16.0,47.0,0,1,1,2,3,1,0,0,0,0,2
792,72.0,40.0,35.0,1,0,0,1,0,2,0,0,0,1,2
793,56.0,40.0,47.0,0,0,1,-1,3,-1,0,-1,-1,0,2
794,108.0,12.0,52.0,1,1,1,1,3,3,0,2,1,0,-1
795,64.0,90.0,39.0,1,2,1,3,3,1,0,0,1,1,0
796,52.0,30.0,43.0,0,0,0,2,3,2,0,0,0,0,0
797,96.0,20.0,44.0,1,2,0,1,3,0,0,2,2,1,2
798,114.0,20.0,45.0,1,2,1,2,3,0,0,1,3,1,2
799,80.0,32.0,33.0,1,2,0,1,0,3,0,1,0,1,0
800,48.0,16.0,36.0,1,0,1,2,3,1,0,-1,-1,0,2
801,86.0,40.0,57.0,1,2,0,0,0,3,0,1,0,1,-1
802,120.0,40.0,47.0,1,1,0,1,0,0,0,0,0,1,2
803,72.0,30.0,65.0,1,2,0,1,0,0,0,0,0,1,1
804,129.0,48.0,57.0,1,-1,0,1,0,0,0,0,-1,1,2
805,108.0,12.0,74.0,1,2,1,1,3,0,0,1,0,1,2
806,84.0,12.0,54.0,1,2,0,1,0,3,0,1,0,1,2
807,36.0,16.0,45.0,1,2,1,1,3,0,0,0,0,1,1
808,112.0,36.0,58.0,1,2,0,1,3,0,0,-1,-1,0,0
809,42.0,14.0,39.0,1,2,1,1,3,3,0,0,0,1,2
810,96.0,30.0,60.0,1,0,0,1,0,3,0,1,1,1,2
811,164.0,84.0,48.0,1,2,1,0,0,2,1,-1,1,1,0
812,72.0,24.0,30.0,1,0,1,-1,-1,-1,1,-1,-1,0,-1
813,60.0,24.0,54.0,1,2,0,0,0,0,0,0,0,1,2
814,120.0,90.0,69.0,1,2,0,0,0,0,0,0,1,1,2
815,64.0,28.0,40.0,0,0,1,2,3,3,0,-1,3,1,1
816,88.0,12.0,45.0,1,0,1,1,0,1,0,0,1,1,2
817,48.0,16.0,43.0,1,0,1,2,3,1,0,0,0,0,2
818,60.0,32.0,54.0,1,2,1,2,3,0,0,1,1,1,2
819,48.0,16.0,49.0,0,0,1,2,3,1,0,3,3,0,0
820,60.0,12.0,51.0,1,2,0,1,0,0,0,-1,-1,1,0
821,52.0,66.0,41.0,1,1,1,1,3,1,0,1,1,1,2
822,48.0,12.0,41.0,0,0,0,1,3,0,0,0,1,0,2
823,60.0,32.0,45.0,1,1,0,2,0,3,0,-1,0,1,2
824,52.0,24.0,48.0,1,0,1,2,0,1,0,0,2,1,2
825,44.0,24.0,41.0,0,0,1,2,3,1,0,1,3,0,2
826,86.0,40.0,65.0,1,1,0,1,0,2,0,1,0,1,0
827,54.0,40.0,41.0,1,2,1,2,2,0,0,1,-1,1,1
828,48.0,40.0,40.0,0,0,1,1,3,3,0,0,0,0,1
829,56.0,40.0,47.0,0,0,0,2,3,1,0,-1,-1,1,2
830,64.0,90.0,36.0,1,0,1,3,3,1,0,0,3,1,2
831,164.0,84.0,48.0,1,2,1,1,0,2,1,-1,-1,1,2
832,48.0,24.0,37.0,1,0,0,2,3,1,0,-1,3,1,2
833,96.0,68.0,52.0,1,2,1,1,3,0,0,-1,3,1,-1
834,45.0,40.0,42.0,1,1,1,1,3,0,0,0,1,1,0
835,96.0,24.0,45.0,1,2,1,1,0,0,0,0,0,1,0
836,48.0,20.0,46.0,1,2,0,1,3,0,0,0,1,1,2
837,60.0,16.0,41.0,1,1,0,1,3,0,0,0,1,1,2
838,84.0,40.0,46.0,0,1,0,1,0,0,0,1,0,1,0
839,96.0,42.0,42.0,1,0,0,2,0,0,0,1,0,1,2
840,136.0,96.0,47.0,1,2,1,1,0,2,0,0,0,1,1
841,124.0,96.0,50.0,1,2,1,0,0,0,1,1,0,1,2
842,36.0,16.0,37.0,0,1,1,1,4,3,0,-1,1,1,1
843,48.0,36.0,37.0,0,0,1,2,2,1,0,-1,3,0,2
844,88.0,48.0,55.0,1,0,0,1,3,0,0,1,0,1,0
845,40.0,12.0,23.0,1,1,1,2,3,0,0,1,0,1,2
846,96.0,28.0,60.0,1,2,1,0,0,0,0,0,0,1,-1
847,56.0,16.0,37.0,0,0,0,3,3,3,0,0,3,1,0
848,64.0,18.0,59.0,1,1,0,2,3,0,0,1,3,0,2
849,36.0,16.0,37.0,0,2,0,-1,3,3,0,0,1,1,1
850,54.0,20.0,44.0,0,1,1,2,4,1,0,2,1,0,2
851,92.0,28.0,57.0,0,2,1,1,0,3,0,1,1,0,0
852,54.0,40.0,44.0,0,1,1,2,2,1,0,3,3,0,2
853,112.0,9.0,43.0,1,0,0,0,0,0,0,0,1,1,0
854,52.0,24.0,42.0,1,1,0,2,3,1,0,1,1,1,2
855,100.0,51.0,50.0,1,2,0,1,0,0,0,-1,-1,1,0
856,108.0,51.0,65.0,0,1,0,0,0,2,0,0,-1,0,0
857,100.0,51.0,66.0,1,2,0,0,0,1,0,1,-1,1,0
858,66.0,24.0,54.0,1,2,0,1,0,0,0,1,0,1,2
859,108.0,36.0,68.0,1,2,0,2,0,0,0,1,0,0,0
860,50.0,50.0,35.0,1,1,1,1,3,3,0,1,1,1,2
861,80.0,42.0,52.0,1,2,0,1,0,0,0,0,0,1,1
862,80.0,40.0,47.0,1,2,1,1,3,0,0,3,1,0,2
863,66.0,12.0,37.0,1,1,1,2,3,0,0,2,2,1,2
864,42.0,12.0,40.0,1,1,1,1,0,1,0,1,0,1,2
865,84.0,48.0,72.0,1,-1,0,2,3,3,0,1,0,1,2
866,88.0,24.0,52.0,1,2,0,1,0,2,0,3,3,0,1
867,48.0,16.0,41.0,0,1,1,2,2,3,0,4,-1,0,2
868,96.0,36.0,52.0,1,2,0,1,3,0,0,1,0,1,2
869,84.0,24.0,37.0,1,2,1,1,2,1,0,1,0,1,2
870,86.0,30.0,57.0,1,2,1,1,3,0,0,0,0,1,2
871,120.0,28.0,65.0,1,2,1,1,3,0,0,0,0,1,2
872,46.0,28.0,37.0,1,2,0,3,3,0,0,1,2,1,2
873,66.0,24.0,31.5,1,0,0,1,3,1,0,0,0,1,2
874,84.0,36.0,43.0,1,2,1,1,0,1,0,-1,3,1,2
875,136.0,48.0,60.0,1,2,1,1,3,0,0,-1,0,0,-1
876,66.0,24.0,44.0,1,1,1,1,3,3,0,1,3,1,2
877,66.0,12.0,43.0,0,0,0,2,3,3,0,0,0,1,0
878,88.0,48.0,55.0,0,2,0,1,0,-1,0,0,-1,1,0
879,48.0,24.0,49.0,0,0,0,2,3,3,0,-1,1,0,0
880,114.0,36.0,57.0,0,2,1,1,3,0,0,1,0,0,2
881,52.0,18.0,52.0,1,0,0,2,3,3,0,1,1,1,2
882,54.0,40.0,49.0,0,1,1,2,2,1,0,3,3,0,2
883,44.0,16.0,44.0,0,1,1,2,2,3,0,3,3,0,1
884,164.0,84.0,50.0,0,2,0,1,3,3,1,3,0,1,0
885,52.0,24.0,54.0,0,1,1,2,3,3,0,2,3,0,2
886,52.0,16.0,32.0,1,1,1,2,3,1,0,2,3,0,2
887,96.0,28.0,48.0,1,2,1,1,3,0,0,0,0,1,2
888,52.0,32.0,52.0,0,1,0,2,0,2,0,1,0,0,2
889,52.0,24.0,54.0,1,1,0,1,3,3,0,0,3,1,2
890,72.0,24.0,67.0,1,1,0,1,0,2,0,0,0,0,0
891,114.0,24.0,57.0,1,2,1,1,0,0,0,0,1,1,2
892,150.0,80.0,66.0,1,2,1,1,0,0,1,3,0,1,0
893,114.0,36.0,57.0,1,2,0,1,3,0,0,-1,3,1,2
894,48.0,32.0,49.0,0,0,1,2,3,3,0,0,0,0,2
895,88.0,28.0,55.0,0,2,0,-1,-1,-1,0,1,-1,0,-1
896,56.0,80.0,54.0,0,2,1,3,3,0,0,3,2,1,2
897,104.0,48.0,47.0,1,2,1,1,3,0,1,1,1,1,2
898,120.0,30.0,47.0,1,1,1,2,3,0,0,-1,-1,1,1
899,48.0,16.0,42.0,0,0,1,2,3,3,0,-1,3,0,2
900,52.0,12.0,44.0,1,0,1,2,3,0,0,0,1,1,2
901,64.0,14.0,35.0,1,1,1,1,3,0,0,1,0,1,1
902,66.0,12.0,36.0,1,0,1,1,3,1,0,3,0,1,2
903,80.0,80.0,54.0,1,2,1,1,3,0,0,0,1,1,0
904,52.0,88.0,53.0,1,1,0,1,3,0,0,0,3,1,2
905,52.0,16.0,57.0,0,0,1,1,3,0,0,-1,2,0,-1
906,164.0,84.0,57.0,1,2,0,1,0,0,0,0,0,1,0
907,60.0,12.0,41.0,1,0,1,3,3,1,0,-1,2,1,2
908,52.0,24.0,47.0,0,0,0,1,3,3,0,2,3,0,2
909,104.0,30.0,66.0,1,2,1,1,0,0,0,1,-1,1,2
910,42.0,24.0,26.0,1,0,1,1,0,0,0,1,0,1,1
911,60.0,80.0,47.0,1,2,1,1,3,0,0,1,2,1,2
912,86.0,18.0,57.0,1,0,0,3,0,2,0,0,0,1,2
913,72.0,44.0,54.0,1,0,0,2,3,0,0,0,0,0,2
914,129.0,48.0,57.0,1,-1,0,1,0,0,0,-1,-1,1,0
915,64.0,16.0,37.0,0,0,0,2,3,3,0,1,1,1,1
916,96.0,24.0,57.0,1,2,0,1,0,0,0,0,0,1,2
917,48.0,9.0,49.0,1,0,0,2,3,3,0,1,1,0,2
918,96.0,48.0,60.0,1,2,1,0,0,0,0,1,0,1,2
919,72.0,20.0,50.0,1,2,1,1,3,0,0,1,0,1,2
920,88.0,24.0,55.0,1,1,0,1,3,0,0,0,3,1,0
921,96.0,40.0,55.0,1,2,0,1,0,0,0,1,-1,1,2
922,92.0,28.0,44.0,0,0,1,2,3,3,0,2,3,0,1
923,132.0,24.0,57.0,1,2,0,0,0,0,0,3,3,1,2
924,48.0,16.0,46.0,1,2,0,1,3,3,0,-1,-1,1,2
925,64.0,36.0,39.0,1,0,1,3,4,3,0,1,1,1,2
926,64.0,40.0,41.0,1,0,0,2,3,0,0,0,0,1,2
927,120.0,40.0,67.0,1,1,1,1,0,2,1,0,0,1,1
928,84.0,20.0,75.0,1,-1,0,1,0,0,0,0,0,0,1
929,48.0,28.0,33.0,1,0,0,1,3,0,0,0,0,1,1
930,129.0,28.0,47.0,1,2,0,1,3,3,1,3,1,1,0
931,48.0,12.0,42.0,0,1,1,1,3,3,0,1,0,1,2
932,48.0,20.0,45.0,1,2,1,1,3,3,0,1,1,1,2
933,114.0,36.0,57.0,1,2,0,2,3,3,0,1,-1,1,2
934,60.0,40.0,35.0,1,0,1,2,3,0,0,0,1,1,2
935,88.0,24.0,50.0,1,2,1,1,3,0,0,0,0,1,2
936,48.0,24.0,43.0,0,0,0,1,3,1,0,-1,0,0,2
937,52.0,16.0,42.0,0,0,0,1,2,1,0,4,1,1,2
938,44.0,12.0,39.0,0,1,1,2,2,1,0,-1,3,1,2
939,96.0,24.0,69.0,1,2,0,0,0,3,0,1,-1,1,2
940,96.0,30.0,46.0,0,1,1,0,0,0,0,0,0,0,1
941,52.0,24.0,47.0,0,0,1,1,0,3,0,2,1,0,2
942,108.0,36.0,60.0,1,2,0,1,3,2,0,0,0,1,2
943,44.0,9.0,35.0,1,-1,1,1,3,1,0,1,0,1,2
944,96.0,40.0,74.0,1,1,0,0,0,0,0,1,0,1,2
945,164.0,24.0,73.0,1,2,1,1,3,0,1,-1,2,1,2
946,42.0,32.0,38.0,1,1,0,1,0,0,0,1,0,1,0
947,124.0,51.0,43.0,1,1,0,2,3,2,0,1,0,1,0
948,84.0,36.0,47.0,1,0,0,1,3,3,0,1,3,1,2
949,108.0,24.0,58.0,1,2,0,0,0,3,0,1,0,1,-1
950,40.0,23.0,39.0,1,0,1,2,3,3,0,0,0,1,2
951,52.0,24.0,48.0,1,1,0,0,0,1,0,1,3,0,2
952,80.0,40.0,63.0,1,2,0,0,0,0,0,0,1,1,2
953,60.0,32.0,53.0,1,2,0,0,0,2,0,-1,-1,1,0
954,40.0,24.0,37.0,1,0,1,2,3,0,0,1,0,1,2
955,64.0,36.0,44.0,1,2,0,1,3,3,0,1,0,1,0
956,128.0,36.0,53.0,1,2,1,1,3,0,1,-1,-1,1,2
957,88.0,30.0,48.0,1,2,0,0,0,0,0,0,-1,1,2
958,100.0,51.0,51.0,1,1,1,1,3,3,0,1,0,1,2
959,88.0,36.0,48.0,1,2,1,1,3,0,0,0,-1,1,0
960,52.0,16.0,57.0,0,1,1,1,2,3,0,3,3,0,0
961,48.0,16.0,49.0,0,1,1,2,3,1,0,2,1,0,2
962,64.0,30.0,47.0,1,2,1,0,3,1,0,0,-1,1,2
963,66.0,18.0,54.0,1,1,0,2,3,1,0,1,3,1,0
964,40.0,12.0,57.0,1,2,1,1,3,3,0,1,0,1,2
965,36.0,20.0,49.0,0,0,1,2,3,3,0,4,-1,1,2
968,54.0,24.0,43.0,0,0,1,2,4,1,0,3,3,0,2
969,96.0,24.0,71.0,1,2,0,1,0,0,0,0,0,1,2
971,100.0,51.0,66.0,1,-1,0,1,0,3,0,1,-1,1,0
973,90.0,40.0,75.0,0,1,0,1,3,0,0,-1,1,1,0
974,88.0,12.0,48.0,1,0,0,2,0,3,0,0,0,1,2
975,44.0,16.0,33.0,0,2,1,1,3,3,0,1,0,0,2
976,132.0,18.0,48.0,1,-1,0,-1,0,1,0,1,0,1,2
977,56.0,40.0,47.0,0,0,0,0,3,0,0,-1,-1,1,2
978,56.0,40.0,47.0,0,0,1,1,4,3,0,-1,3,0,0
979,52.0,40.0,54.0,1,0,1,2,3,3,0,2,3,0,2
980,84.0,28.0,65.0,0,2,0,1,3,0,0,1,-1,0,0
981,48.0,16.0,49.0,0,0,1,3,2,3,0,3,3,0,2
983,66.0,12.0,45.0,1,1,1,1,3,0,0,0,1,1,2
985,132.0,66.0,57.0,1,1,0,2,3,0,0,1,0,1,0
987,52.0,24.0,26.0,0,0,1,2,3,3,0,1,1,0,2
988,114.0,36.0,41.0,1,2,1,1,3,0,0,0,0,0,0
989,86.0,36.0,44.0,1,2,1,1,3,3,0,0,3,1,2
990,60.0,18.0,50.0,1,1,1,2,3,1,0,-1,1,1,2
991,76.0,20.0,35.0,1,2,1,3,3,0,0,1,0,1,2
992,96.0,44.0,64.0,0,0,1,1,0,3,0,1,1,1,2
993,54.0,36.0,37.0,1,2,0,2,3,0,0,1,0,1,2
995,66.0,12.0,55.0,0,2,1,1,0,0,0,1,-1,0,2
